{
  "minSdkVersion": 21.0,
  "viewBindingEnabled": false,
  "libraries": "[{\"declaration\":\"com.android.support:slidingpanelayout:28.0.0\",\"sourceFile\":\"/storage/emulated/0/Android/data/com.tyron.code/files/cache/google-maven/com/android/support/slidingpanelayout/28.0.0/slidingpanelayout-28.0.0.aar\"},{\"declaration\":\"com.android.support:localbroadcastmanager:28.0.0\",\"sourceFile\":\"/storage/emulated/0/Android/data/com.tyron.code/files/cache/google-maven/com/android/support/localbroadcastmanager/28.0.0/localbroadcastmanager-28.0.0.aar\"},{\"declaration\":\"com.android.support:support-core-utils:28.0.0\",\"sourceFile\":\"/storage/emulated/0/Android/data/com.tyron.code/files/cache/google-maven/com/android/support/support-core-utils/28.0.0/support-core-utils-28.0.0.aar\"},{\"declaration\":\"com.android.support:support-annotations:28.0.0\",\"sourceFile\":\"/storage/emulated/0/Android/data/com.tyron.code/files/cache/google-maven/com/android/support/support-annotations/28.0.0/support-annotations-28.0.0.jar\"},{\"declaration\":\"com.android.support:coordinatorlayout:28.0.0\",\"sourceFile\":\"/storage/emulated/0/Android/data/com.tyron.code/files/cache/google-maven/com/android/support/coordinatorlayout/28.0.0/coordinatorlayout-28.0.0.aar\"},{\"declaration\":\"android.arch.lifecycle:viewmodel:1.1.1\",\"sourceFile\":\"/storage/emulated/0/Android/data/com.tyron.code/files/cache/google-maven/android/arch/lifecycle/viewmodel/1.1.1/viewmodel-1.1.1.aar\"},{\"declaration\":\"com.android.support:interpolator:28.0.0\",\"sourceFile\":\"/storage/emulated/0/Android/data/com.tyron.code/files/cache/google-maven/com/android/support/interpolator/28.0.0/interpolator-28.0.0.aar\"},{\"declaration\":\"com.android.support:versionedparcelable:28.0.0\",\"sourceFile\":\"/storage/emulated/0/Android/data/com.tyron.code/files/cache/google-maven/com/android/support/versionedparcelable/28.0.0/versionedparcelable-28.0.0.aar\"},{\"declaration\":\"android.arch.lifecycle:runtime:1.1.1\",\"sourceFile\":\"/storage/emulated/0/Android/data/com.tyron.code/files/cache/google-maven/android/arch/lifecycle/runtime/1.1.1/runtime-1.1.1.aar\"},{\"declaration\":\"com.android.support:support-core-ui:28.0.0\",\"sourceFile\":\"/storage/emulated/0/Android/data/com.tyron.code/files/cache/google-maven/com/android/support/support-core-ui/28.0.0/support-core-ui-28.0.0.aar\"},{\"declaration\":\"com.android.support:documentfile:28.0.0\",\"sourceFile\":\"/storage/emulated/0/Android/data/com.tyron.code/files/cache/google-maven/com/android/support/documentfile/28.0.0/documentfile-28.0.0.aar\"},{\"declaration\":\"com.android.support:support-fragment:28.0.0\",\"sourceFile\":\"/storage/emulated/0/Android/data/com.tyron.code/files/cache/google-maven/com/android/support/support-fragment/28.0.0/support-fragment-28.0.0.aar\"},{\"declaration\":\"com.android.support:cursoradapter:28.0.0\",\"sourceFile\":\"/storage/emulated/0/Android/data/com.tyron.code/files/cache/google-maven/com/android/support/cursoradapter/28.0.0/cursoradapter-28.0.0.aar\"},{\"declaration\":\"android.arch.lifecycle:common:1.1.1\",\"sourceFile\":\"/storage/emulated/0/Android/data/com.tyron.code/files/cache/google-maven/android/arch/lifecycle/common/1.1.1/common-1.1.1.jar\"},{\"declaration\":\"com.android.support:asynclayoutinflater:28.0.0\",\"sourceFile\":\"/storage/emulated/0/Android/data/com.tyron.code/files/cache/google-maven/com/android/support/asynclayoutinflater/28.0.0/asynclayoutinflater-28.0.0.aar\"},{\"declaration\":\"com.android.support:print:28.0.0\",\"sourceFile\":\"/storage/emulated/0/Android/data/com.tyron.code/files/cache/google-maven/com/android/support/print/28.0.0/print-28.0.0.aar\"},{\"declaration\":\"com.android.support:support-compat:28.0.0\",\"sourceFile\":\"/storage/emulated/0/Android/data/com.tyron.code/files/cache/google-maven/com/android/support/support-compat/28.0.0/support-compat-28.0.0.aar\"},{\"declaration\":\"com.android.support:support-media-compat:28.0.0\",\"sourceFile\":\"/storage/emulated/0/Android/data/com.tyron.code/files/cache/google-maven/com/android/support/support-media-compat/28.0.0/support-media-compat-28.0.0.aar\"},{\"declaration\":\"com.android.support:support-v4:28.0.0\",\"sourceFile\":\"/storage/emulated/0/Android/data/com.tyron.code/files/cache/google-maven/com/android/support/support-v4/28.0.0/support-v4-28.0.0.aar\"},{\"declaration\":\"android.arch.core:runtime:1.1.1\",\"sourceFile\":\"/storage/emulated/0/Android/data/com.tyron.code/files/cache/google-maven/android/arch/core/runtime/1.1.1/runtime-1.1.1.aar\"},{\"declaration\":\"com.android.support:collections:28.0.0\",\"sourceFile\":\"/storage/emulated/0/Android/data/com.tyron.code/files/cache/google-maven/com/android/support/collections/28.0.0/collections-28.0.0.jar\"},{\"declaration\":\"android.arch.lifecycle:livedata:1.1.1\",\"sourceFile\":\"/storage/emulated/0/Android/data/com.tyron.code/files/cache/google-maven/android/arch/lifecycle/livedata/1.1.1/livedata-1.1.1.aar\"},{\"declaration\":\"com.android.support:drawerlayout:28.0.0\",\"sourceFile\":\"/storage/emulated/0/Android/data/com.tyron.code/files/cache/google-maven/com/android/support/drawerlayout/28.0.0/drawerlayout-28.0.0.aar\"},{\"declaration\":\"com.android.support:customview:28.0.0\",\"sourceFile\":\"/storage/emulated/0/Android/data/com.tyron.code/files/cache/google-maven/com/android/support/customview/28.0.0/customview-28.0.0.aar\"},{\"declaration\":\"android.arch.core:common:1.1.1\",\"sourceFile\":\"/storage/emulated/0/Android/data/com.tyron.code/files/cache/google-maven/android/arch/core/common/1.1.1/common-1.1.1.jar\"},{\"declaration\":\"com.android.support:loader:28.0.0\",\"sourceFile\":\"/storage/emulated/0/Android/data/com.tyron.code/files/cache/google-maven/com/android/support/loader/28.0.0/loader-28.0.0.aar\"},{\"declaration\":\"com.android.support:swiperefreshlayout:28.0.0\",\"sourceFile\":\"/storage/emulated/0/Android/data/com.tyron.code/files/cache/google-maven/com/android/support/swiperefreshlayout/28.0.0/swiperefreshlayout-28.0.0.aar\"},{\"declaration\":\"com.android.support:viewpager:28.0.0\",\"sourceFile\":\"/storage/emulated/0/Android/data/com.tyron.code/files/cache/google-maven/com/android/support/viewpager/28.0.0/viewpager-28.0.0.aar\"},{\"declaration\":\"android.arch.lifecycle:livedata-core:1.1.1\",\"sourceFile\":\"/storage/emulated/0/Android/data/com.tyron.code/files/cache/google-maven/android/arch/lifecycle/livedata-core/1.1.1/livedata-core-1.1.1.aar\"}]",
  "useR8": true,
  "targetSdkVersion": 30.0,
  "versionName": "5.6 Sirajul26",
  "versionCode": 56.0,
  "zipAlignEnabled": true
}